Date, Open, High, Low, Close, Volume
07/16/21, 1950.00, 1950.00, 1933.00, 1941.00, 45340
07/15/21, 1974.00, 1978.00, 1933.00, 1933.00, 45870
07/14/21, 1976.00, 1979.00, 1971.00, 1974.00, 36060
07/13/21, 1978.00, 1987.00, 1972.00, 1979.00, 83865
07/12/21, 1965.00, 1989.00, 1953.00, 1983.00, 95555
07/09/21, 1965.00, 1965.00, 1936.00, 1965.00, 58425
07/08/21, 1932.00, 1970.00, 1932.00, 1970.00, 55080
07/07/21, 1964.00, 1964.00, 1932.00, 1932.00, 64790
07/06/21, 1940.00, 1988.00, 1939.00, 1964.00, 88235
07/05/21, 1888.00, 1940.00, 1888.00, 1920.00, 67190
07/02/21, 1870.00, 1890.00, 1870.00, 1885.00, 59650
07/01/21, 1841.00, 1874.00, 1841.00, 1870.00, 59520
06/30/21, 1835.00, 1849.00, 1835.00, 1840.00, 43460
06/29/21, 1840.00, 1841.00, 1820.00, 1830.00, 83960
06/28/21, 1855.00, 1857.00, 1831.00, 1840.00, 52485
06/25/21, 1831.00, 1853.00, 1831.00, 1853.00, 35875
06/24/21, 1850.00, 1850.00, 1830.00, 1830.00, 65455
06/23/21, 1830.00, 1845.00, 1821.00, 1840.00, 45790
06/22/21, 1830.00, 1831.00, 1815.00, 1819.00, 76390
06/21/21, 1835.00, 1840.00, 1815.00, 1819.00, 48730
06/18/21, 1856.00, 1860.00, 1815.00, 1815.00, 168515
06/17/21, 1879.00, 1880.00, 1840.00, 1840.00, 63740
06/16/21, 1896.00, 1899.00, 1871.00, 1878.00, 41720
06/15/21, 1895.00, 1899.00, 1880.00, 1890.00, 51265
06/14/21, 1857.00, 1895.00, 1845.00, 1895.00, 104460
06/11/21, 1825.00, 1850.00, 1812.00, 1841.00, 189270
06/10/21, 1829.00, 1845.00, 1820.00, 1820.00, 37500
06/09/21, 1846.00, 1846.00, 1820.00, 1820.00, 56910
06/08/21, 1850.00, 1865.00, 1809.00, 1809.00, 46835
06/07/21, 1843.00, 1864.00, 1840.00, 1840.00, 60275
06/04/21, 1838.00, 1841.00, 1835.00, 1840.00, 74505
06/03/21, 1835.00, 1838.00, 1811.00, 1811.00, 83060
06/02/21, 1836.00, 1845.00, 1825.00, 1835.00, 72820
06/01/21, 1815.00, 1828.00, 1811.00, 1827.00, 21945
05/31/21, 1838.00, 1838.00, 1805.00, 1806.00, 62230
05/28/21, 1850.00, 1855.00, 1807.00, 1811.00, 151345
05/27/21, 1839.00, 1892.00, 1833.00, 1850.00, 457640
05/26/21, 1800.00, 1857.00, 1800.00, 1835.00, 35215
05/25/21, 1820.00, 1825.00, 1800.00, 1800.00, 50930
05/24/21, 1820.00, 1850.00, 1796.00, 1796.00, 56120
05/21/21, 1850.00, 1852.00, 1820.00, 1820.00, 50715
05/20/21, 1867.00, 1867.00, 1850.00, 1850.00, 26970
05/19/21, 1846.00, 1868.00, 1830.00, 1861.00, 16010
05/18/21, 1830.00, 1847.00, 1812.00, 1847.00, 24015
05/17/21, 1820.00, 1844.00, 1820.00, 1831.00, 36930
05/14/21, 1825.00, 1826.00, 1801.00, 1811.00, 84970
05/12/21, 1865.00, 1865.00, 1810.00, 1829.00, 57890
05/11/21, 1860.00, 1870.00, 1846.00, 1860.00, 40005
05/10/21, 1835.00, 1868.00, 1835.00, 1859.00, 32220
05/07/21, 1812.00, 1840.00, 1812.00, 1831.00, 19520
05/06/21, 1843.00, 1845.00, 1810.00, 1810.00, 43965
05/05/21, 1825.00, 1849.00, 1825.00, 1834.00, 28205
05/04/21, 1854.00, 1854.00, 1825.00, 1825.00, 56320
05/03/21, 1839.00, 1850.00, 1830.00, 1830.00, 33175
04/30/21, 1890.00, 1900.00, 1833.00, 1833.00, 115730
04/29/21, 1900.00, 1900.00, 1871.00, 1886.00, 28735
04/28/21, 1901.00, 1919.00, 1883.00, 1886.00, 49115
04/27/21, 1914.00, 1915.00, 1896.00, 1900.00, 33155
04/26/21, 1877.00, 1920.00, 1871.00, 1920.00, 19185
04/23/21, 1866.00, 1877.00, 1866.00, 1870.00, 28220
04/22/21, 1870.00, 1877.00, 1860.00, 1866.00, 24180
04/21/21, 1867.00, 1873.00, 1853.00, 1866.00, 60065
04/20/21, 1855.00, 1880.00, 1851.00, 1864.00, 67460
04/19/21, 1850.00, 1850.00, 1841.00, 1850.00, 41300
04/16/21, 1836.00, 1850.00, 1835.00, 1850.00, 34925
04/15/21, 1843.00, 1843.00, 1832.00, 1835.00, 47885
04/14/21, 1830.00, 1844.00, 1825.00, 1843.00, 49010
04/13/21, 1825.00, 1826.00, 1805.00, 1825.00, 52435
04/12/21, 1832.00, 1848.00, 1820.00, 1825.00, 37000
04/08/21, 1852.00, 1857.00, 1830.00, 1830.00, 53225
04/07/21, 1845.00, 1845.00, 1825.00, 1838.00, 54105
04/06/21, 1872.00, 1875.00, 1841.00, 1843.00, 31410
04/05/21, 1895.00, 1896.00, 1833.00, 1840.00, 74150
03/31/21, 1929.00, 1929.00, 1880.00, 1880.00, 62840
03/30/21, 1905.00, 1912.00, 1900.00, 1901.00, 18120
03/29/21, 1900.00, 1932.00, 1891.00, 1910.00, 28865
03/26/21, 1915.00, 1918.00, 1900.00, 1900.00, 32385
03/25/21, 1910.00, 1913.00, 1900.00, 1900.00, 39930
03/24/21, 1913.00, 1924.00, 1902.00, 1910.00, 65400
03/23/21, 1932.00, 1932.00, 1909.00, 1912.00, 36025
03/22/21, 1910.00, 1936.00, 1900.00, 1930.00, 26460
03/19/21, 1976.00, 1976.00, 1870.00, 1870.00, 76560
03/18/21, 1978.00, 1978.00, 1940.00, 1940.00, 21950
03/17/21, 1990.00, 1990.00, 1930.00, 1930.00, 35420
03/16/21, 1978.00, 1990.00, 1952.00, 1980.00, 58115
03/15/21, 1952.00, 1980.00, 1940.00, 1980.00, 53070
03/12/21, 1969.00, 2010.00, 1953.00, 1960.00, 35680
03/11/21, 2008.00, 2012.00, 1962.00, 1968.00, 75160
03/10/21, 1975.00, 2018.00, 1955.00, 2018.00, 39105
03/09/21, 1991.00, 1992.00, 1965.00, 1965.00, 57615
03/08/21, 1992.00, 2000.00, 1985.00, 1991.00, 43485
03/05/21, 1987.00, 2002.00, 1985.00, 1992.00, 58935
03/04/21, 2000.00, 2012.00, 2000.00, 2000.00, 34355
03/03/21, 2028.00, 2028.00, 2000.00, 2002.00, 13790
03/02/21, 2028.00, 2028.00, 1994.00, 1995.00, 69430
03/01/21, 2026.00, 2026.00, 2004.00, 2026.00, 39490
02/26/21, 2010.00, 2026.00, 1996.00, 2026.00, 177525
02/24/21, 2026.00, 2026.00, 1985.00, 1985.00, 68170
02/23/21, 2036.00, 2036.00, 1977.00, 1977.00, 74935
02/22/21, 2048.00, 2050.00, 2034.00, 2036.00, 23825
02/19/21, 2030.00, 2048.00, 2020.00, 2048.00, 28930
02/18/21, 2050.00, 2060.00, 2030.00, 2030.00, 56415
02/17/21, 2052.00, 2052.00, 2036.00, 2050.00, 34810
02/16/21, 2040.00, 2058.00, 2040.00, 2046.00, 9325
02/15/21, 2040.00, 2080.00, 2040.00, 2040.00, 12130
02/11/21, 2038.00, 2050.00, 2038.00, 2040.00, 18850
02/10/21, 2002.00, 2050.00, 2002.00, 2038.00, 49990
02/09/21, 2020.00, 2026.00, 2000.00, 2000.00, 54445
02/08/21, 2026.00, 2030.00, 2016.00, 2020.00, 38970
02/05/21, 2012.00, 2040.00, 2010.00, 2026.00, 43245
02/04/21, 2010.00, 2020.00, 2006.00, 2012.00, 19875
02/03/21, 2044.00, 2044.00, 2002.00, 2002.00, 73340
02/02/21, 2018.00, 2046.00, 2000.00, 2046.00, 49530
02/01/21, 1985.00, 2020.00, 1984.00, 2020.00, 36260
01/29/21, 2000.00, 2014.00, 1941.00, 1941.00, 161185
01/28/21, 2004.00, 2014.00, 1995.00, 2014.00, 64500
01/27/21, 2018.00, 2020.00, 1998.00, 2004.00, 72845
01/26/21, 2044.00, 2044.00, 2010.00, 2010.00, 43055
01/25/21, 2062.00, 2064.00, 2030.00, 2044.00, 35065
01/22/21, 2100.00, 2102.00, 2060.00, 2060.00, 47890
01/21/21, 2100.00, 2108.00, 2070.00, 2100.00, 69900
01/20/21, 2062.00, 2120.00, 2060.00, 2100.00, 51695
01/19/21, 2082.00, 2106.00, 2060.00, 2060.00, 78785
01/18/21, 2102.00, 2118.00, 2100.00, 2100.00, 25090
01/15/21, 2128.00, 2128.00, 2090.00, 2100.00, 33605
01/14/21, 2026.00, 2130.00, 2024.00, 2130.00, 191380
01/13/21, 2050.00, 2050.00, 2018.00, 2046.00, 45180
01/12/21, 2046.00, 2064.00, 2020.00, 2020.00, 77145
01/11/21, 2030.00, 2094.00, 2030.00, 2040.00, 113750
01/08/21, 2020.00, 2028.00, 2004.00, 2020.00, 102040
01/07/21, 2010.00, 2056.00, 2000.00, 2000.00, 41020
01/06/21, 2020.00, 2020.00, 1997.00, 1997.00, 58680
01/05/21, 2020.00, 2026.00, 2010.00, 2020.00, 70200
01/04/21, 2030.00, 2070.00, 2018.00, 2018.00, 37670
12/29/20, 2032.00, 2042.00, 2022.00, 2030.00, 42755
12/28/20, 2022.00, 2032.00, 2012.00, 2032.00, 18315
12/23/20, 2034.00, 2058.00, 2010.00, 2010.00, 42680
12/22/20, 2060.00, 2060.00, 2022.00, 2034.00, 39865
12/21/20, 2092.00, 2092.00, 2040.00, 2060.00, 24225
12/18/20, 2038.00, 2100.00, 2012.00, 2100.00, 198105
12/17/20, 2010.00, 2040.00, 2010.00, 2040.00, 23270
12/16/20, 2030.00, 2040.00, 2000.00, 2000.00, 97890
12/15/20, 2040.00, 2048.00, 1980.00, 2030.00, 96550
12/14/20, 2040.00, 2050.00, 2030.00, 2038.00, 38195
12/11/20, 2046.00, 2056.00, 2024.00, 2036.00, 69340
12/10/20, 2046.00, 2050.00, 2030.00, 2042.00, 60180
12/09/20, 2040.00, 2050.00, 2024.00, 2046.00, 50300
12/07/20, 2040.00, 2052.00, 2024.00, 2040.00, 72830
12/04/20, 2010.00, 2046.00, 2010.00, 2046.00, 52535
12/03/20, 2010.00, 2038.00, 1995.00, 2030.00, 92825
12/02/20, 1972.00, 2016.00, 1972.00, 2000.00, 94425
12/01/20, 1950.00, 1980.00, 1920.00, 1970.00, 126220
11/27/20, 2000.00, 2014.00, 1948.00, 1948.00, 532510
11/26/20, 2000.00, 2020.00, 2000.00, 2014.00, 117545
11/25/20, 2018.00, 2018.00, 1998.00, 2000.00, 77890
11/24/20, 2046.00, 2048.00, 2002.00, 2002.00, 93980
11/23/20, 2028.00, 2050.00, 2014.00, 2048.00, 61410
11/20/20, 2026.00, 2048.00, 2008.00, 2008.00, 96810
11/19/20, 2018.00, 2040.00, 2006.00, 2006.00, 72635
11/18/20, 2020.00, 2026.00, 2002.00, 2016.00, 75775
11/17/20, 2006.00, 2030.00, 2006.00, 2028.00, 68965
11/16/20, 2012.00, 2030.00, 1992.00, 2020.00, 57170
11/13/20, 2060.00, 2060.00, 1980.00, 1992.00, 175465
11/11/20, 2044.00, 2076.00, 2024.00, 2040.00, 120015
11/10/20, 2100.00, 2102.00, 2020.00, 2030.00, 109925
11/09/20, 2072.00, 2108.00, 2068.00, 2100.00, 93910
11/06/20, 2046.00, 2076.00, 2018.00, 2068.00, 111870
11/05/20, 2034.00, 2078.00, 2014.00, 2014.00, 52595
11/04/20, 2044.00, 2044.00, 2002.00, 2002.00, 103295
11/03/20, 2032.00, 2082.00, 2012.00, 2020.00, 56460
10/30/20, 2060.00, 2096.00, 2030.00, 2030.00, 58950
10/29/20, 2060.00, 2098.00, 2054.00, 2060.00, 43425
10/28/20, 2080.00, 2100.00, 2052.00, 2100.00, 99525
10/27/20, 2060.00, 2080.00, 2040.00, 2050.00, 89300
10/26/20, 2040.00, 2050.00, 2024.00, 2034.00, 29435
10/23/20, 2060.00, 2096.00, 2018.00, 2020.00, 77775
10/22/20, 2014.00, 2058.00, 2014.00, 2038.00, 87975
10/21/20, 2028.00, 2028.00, 2006.00, 2010.00, 114020
10/20/20, 2004.00, 2016.00, 2000.00, 2006.00, 74050
10/19/20, 1998.00, 2008.00, 1998.00, 2002.00, 56810
10/16/20, 2022.00, 2036.00, 1992.00, 1992.00, 84550
10/15/20, 2010.00, 2028.00, 2002.00, 2010.00, 59315
10/14/20, 2002.00, 2044.00, 1996.00, 2010.00, 83645
10/13/20, 2008.00, 2048.00, 2002.00, 2002.00, 42065
10/12/20, 2050.00, 2060.00, 2002.00, 2002.00, 77050
10/09/20, 2070.00, 2070.00, 2016.00, 2050.00, 32735
10/08/20, 2040.00, 2070.00, 2010.00, 2052.00, 55150
10/07/20, 2040.00, 2084.00, 2000.00, 2000.00, 56275
10/06/20, 2060.00, 2100.00, 2040.00, 2040.00, 26420
10/05/20, 2124.00, 2124.00, 2052.00, 2052.00, 30455
10/02/20, 2112.00, 2120.00, 2080.00, 2120.00, 33985
10/01/20, 2080.00, 2118.00, 2080.00, 2100.00, 6665
09/30/20, 2098.00, 2136.00, 2080.00, 2080.00, 44815
09/29/20, 2088.00, 2118.00, 2080.00, 2088.00, 29785
09/28/20, 2112.00, 2112.00, 2086.00, 2086.00, 19395
09/25/20, 2120.00, 2136.00, 2090.00, 2120.00, 45095
09/24/20, 2090.00, 2120.00, 2076.00, 2120.00, 20915
09/23/20, 2124.00, 2124.00, 2082.00, 2100.00, 29260
09/22/20, 2114.00, 2114.00, 2080.00, 2080.00, 20830
09/21/20, 2118.00, 2130.00, 2110.00, 2114.00, 12615
09/18/20, 2098.00, 2140.00, 2080.00, 2140.00, 42110
09/17/20, 2062.00, 2100.00, 2054.00, 2090.00, 40050
09/16/20, 2078.00, 2080.00, 2062.00, 2062.00, 30375
09/15/20, 2124.00, 2124.00, 2064.00, 2074.00, 32850
09/14/20, 2076.00, 2128.00, 2076.00, 2126.00, 29650
09/11/20, 2080.00, 2118.00, 2078.00, 2080.00, 43230
09/10/20, 2130.00, 2134.00, 2080.00, 2080.00, 29750
09/09/20, 2134.00, 2134.00, 2090.00, 2132.00, 21160
09/08/20, 2106.00, 2130.00, 2090.00, 2120.00, 31635
09/07/20, 2046.00, 2106.00, 2046.00, 2088.00, 33800
09/04/20, 2088.00, 2088.00, 2034.00, 2040.00, 68320
09/03/20, 2050.00, 2090.00, 2030.00, 2090.00, 38920
09/02/20, 2046.00, 2068.00, 2036.00, 2050.00, 30770
09/01/20, 2090.00, 2126.00, 2030.00, 2030.00, 78900
08/28/20, 2126.00, 2132.00, 2082.00, 2088.00, 133135
08/27/20, 2140.00, 2146.00, 2114.00, 2134.00, 42770
08/26/20, 2108.00, 2140.00, 2076.00, 2130.00, 32055
08/25/20, 2096.00, 2114.00, 2070.00, 2110.00, 43045
08/24/20, 2128.00, 2128.00, 2098.00, 2100.00, 38440
08/20/20, 2130.00, 2138.00, 2102.00, 2112.00, 40420
08/19/20, 2130.00, 2148.00, 2130.00, 2130.00, 37640
08/18/20, 2148.00, 2148.00, 2118.00, 2130.00, 30890
08/17/20, 2136.00, 2140.00, 2116.00, 2118.00, 12945
08/14/20, 2112.00, 2148.00, 2112.00, 2136.00, 42365
08/13/20, 2164.00, 2164.00, 2108.00, 2148.00, 57875
08/12/20, 2116.00, 2172.00, 2116.00, 2164.00, 43775
08/11/20, 2198.00, 2198.00, 2154.00, 2180.00, 37170
08/10/20, 2110.00, 2200.00, 2110.00, 2200.00, 38720
08/07/20, 2120.00, 2158.00, 2102.00, 2120.00, 49715
08/06/20, 2120.00, 2124.00, 2106.00, 2118.00, 66005
08/05/20, 2096.00, 2116.00, 2094.00, 2106.00, 70160
08/04/20, 2054.00, 2080.00, 2028.00, 2070.00, 86565
08/03/20, 2054.00, 2054.00, 2004.00, 2014.00, 51895
07/30/20, 2020.00, 2078.00, 2008.00, 2064.00, 126200
07/29/20, 2000.00, 2026.00, 1991.00, 2020.00, 20385
07/28/20, 2000.00, 2024.00, 1942.00, 2000.00, 62200
07/27/20, 2100.00, 2110.00, 2006.00, 2010.00, 47340
07/24/20, 2116.00, 2116.00, 2054.00, 2090.00, 22105
07/23/20, 2120.00, 2120.00, 2030.00, 2116.00, 47400
07/22/20, 2090.00, 2130.00, 2090.00, 2110.00, 64890
07/21/20, 2110.00, 2114.00, 2090.00, 2090.00, 25880
07/20/20, 2080.00, 2126.00, 2080.00, 2114.00, 41515
07/17/20, 2066.00, 2078.00, 2038.00, 2078.00, 48330
07/16/20, 2030.00, 2066.00, 2026.00, 2066.00, 23545
07/15/20, 2072.00, 2094.00, 1980.00, 2006.00, 113080
07/14/20, 2080.00, 2084.00, 2062.00, 2062.00, 28710
07/13/20, 2082.00, 2090.00, 2068.00, 2080.00, 32835
07/10/20, 2092.00, 2092.00, 2070.00, 2076.00, 44640
07/09/20, 2100.00, 2102.00, 2066.00, 2066.00, 46665
07/08/20, 2090.00, 2110.00, 2064.00, 2096.00, 73590
07/07/20, 2140.00, 2146.00, 2062.00, 2062.00, 80985
07/06/20, 2120.00, 2150.00, 2092.00, 2140.00, 128895
07/03/20, 2130.00, 2150.00, 2090.00, 2110.00, 46745
07/02/20, 2100.00, 2130.00, 2072.00, 2120.00, 172030
07/01/20, 2100.00, 2128.00, 2074.00, 2100.00, 45385
06/30/20, 2082.00, 2100.00, 2060.00, 2070.00, 124920
06/29/20, 2110.00, 2112.00, 2054.00, 2088.00, 51585
06/26/20, 2058.00, 2130.00, 2050.00, 2130.00, 63010
06/25/20, 2096.00, 2096.00, 2050.00, 2058.00, 74045
06/24/20, 2130.00, 2130.00, 2082.00, 2094.00, 54995
06/23/20, 2132.00, 2144.00, 2072.00, 2140.00, 100675
06/22/20, 2156.00, 2182.00, 2130.00, 2130.00, 59650
06/19/20, 2200.00, 2200.00, 2126.00, 2154.00, 360295
06/18/20, 2190.00, 2224.00, 2162.00, 2206.00, 74305
06/17/20, 2170.00, 2204.00, 2160.00, 2186.00, 53130
06/16/20, 2160.00, 2182.00, 2122.00, 2160.00, 73315
06/15/20, 2220.00, 2220.00, 2160.00, 2160.00, 104630
06/11/20, 2176.00, 2218.00, 2140.00, 2218.00, 59540
06/10/20, 2162.00, 2174.00, 2122.00, 2160.00, 70995
06/09/20, 2120.00, 2170.00, 2110.00, 2170.00, 62675
06/08/20, 2170.00, 2186.00, 2106.00, 2120.00, 83580
06/05/20, 2200.00, 2200.00, 2168.00, 2170.00, 112210
06/04/20, 2150.00, 2200.00, 2130.00, 2200.00, 113740
06/03/20, 2236.00, 2250.00, 2174.00, 2176.00, 102375
06/02/20, 2258.00, 2258.00, 2180.00, 2192.00, 154120
06/01/20, 2260.00, 2270.00, 2228.00, 2244.00, 38165
05/29/20, 2190.00, 2294.00, 2180.00, 2294.00, 596745
05/28/20, 2220.00, 2220.00, 2190.00, 2200.00, 67095
05/27/20, 2274.00, 2280.00, 2190.00, 2220.00, 139440
05/26/20, 2220.00, 2260.00, 2182.00, 2250.00, 84020
05/22/20, 2284.00, 2290.00, 2200.00, 2232.00, 91900
05/21/20, 2232.00, 2280.00, 2232.00, 2270.00, 103905
05/20/20, 2182.00, 2276.00, 2182.00, 2276.00, 90945
05/19/20, 2220.00, 2226.00, 2174.00, 2212.00, 29305
05/18/20, 2224.00, 2224.00, 2160.00, 2218.00, 20585
05/15/20, 2176.00, 2242.00, 2176.00, 2220.00, 72445
05/14/20, 2130.00, 2182.00, 2112.00, 2170.00, 113215
05/13/20, 2128.00, 2150.00, 2104.00, 2104.00, 63965
05/12/20, 2100.00, 2160.00, 2062.00, 2130.00, 103755
05/11/20, 2150.00, 2202.00, 2080.00, 2080.00, 108490
05/08/20, 2202.00, 2240.00, 2150.00, 2150.00, 103990
05/07/20, 2242.00, 2258.00, 2202.00, 2202.00, 89210
05/06/20, 2296.00, 2296.00, 2230.00, 2242.00, 82890
05/05/20, 2214.00, 2300.00, 2214.00, 2300.00, 73225
05/04/20, 2196.00, 2258.00, 2182.00, 2258.00, 38705
04/30/20, 2250.00, 2256.00, 2196.00, 2196.00, 64440
04/29/20, 2258.00, 2258.00, 2186.00, 2230.00, 26950
04/28/20, 2210.00, 2268.00, 2210.00, 2258.00, 23120
04/27/20, 2208.00, 2248.00, 2156.00, 2210.00, 62340
04/24/20, 2200.00, 2216.00, 2172.00, 2208.00, 54135
04/23/20, 2200.00, 2220.00, 2174.00, 2200.00, 47735
04/22/20, 2096.00, 2192.00, 2096.00, 2168.00, 69205
04/21/20, 2160.00, 2176.00, 2106.00, 2106.00, 49340
04/20/20, 2220.00, 2220.00, 2154.00, 2180.00, 37850
04/17/20, 2150.00, 2230.00, 2100.00, 2230.00, 51470
04/16/20, 2190.00, 2190.00, 2100.00, 2100.00, 107800
04/15/20, 2206.00, 2242.00, 2170.00, 2206.00, 145220
04/14/20, 2220.00, 2258.00, 2200.00, 2230.00, 117540
04/13/20, 2200.00, 2238.00, 2160.00, 2224.00, 54465
04/08/20, 2186.00, 2186.00, 2104.00, 2160.00, 80825
04/07/20, 2280.00, 2280.00, 2130.00, 2194.00, 90795
04/06/20, 2050.00, 2300.00, 2050.00, 2300.00, 116125
04/03/20, 2006.00, 2050.00, 1978.00, 2050.00, 109870
04/02/20, 2000.00, 2000.00, 1973.00, 2000.00, 52545
04/01/20, 1912.00, 2000.00, 1912.00, 2000.00, 79425
03/31/20, 1916.00, 1949.00, 1913.00, 1930.00, 77700
03/30/20, 1910.00, 1949.00, 1910.00, 1912.00, 56105
03/27/20, 1950.00, 1976.00, 1908.00, 1949.00, 95365
03/26/20, 1840.00, 1980.00, 1840.00, 1930.00, 123430
03/25/20, 1837.00, 1885.00, 1820.00, 1840.00, 46540
03/24/20, 1840.00, 1890.00, 1760.00, 1816.00, 64945
03/23/20, 1650.00, 1850.00, 1650.00, 1850.00, 85175
03/20/20, 1745.00, 1769.00, 1650.00, 1658.00, 102600
03/19/20, 1740.00, 1899.00, 1706.00, 1745.00, 107305
03/16/20, 1792.00, 1920.00, 1681.00, 1920.00, 94525
03/13/20, 1690.00, 1853.00, 1590.00, 1830.00, 158395
03/12/20, 1750.00, 1779.00, 1702.00, 1739.00, 115820
03/11/20, 1736.00, 1783.00, 1736.00, 1750.00, 28470
03/10/20, 1751.00, 1751.00, 1702.00, 1732.00, 59705
03/09/20, 1818.00, 1821.00, 1750.00, 1750.00, 27545
03/06/20, 1825.00, 1841.00, 1819.00, 1831.00, 26235
03/05/20, 1850.00, 1889.00, 1841.00, 1841.00, 45250
03/04/20, 1830.00, 1854.00, 1817.00, 1850.00, 42950
03/03/20, 1878.00, 1878.00, 1817.00, 1830.00, 46110
03/02/20, 1780.00, 1829.00, 1742.00, 1800.00, 83045
02/28/20, 1829.00, 1829.00, 1779.00, 1779.00, 89350
02/27/20, 1826.00, 1863.00, 1812.00, 1830.00, 42560
02/26/20, 1864.00, 1914.00, 1809.00, 1826.00, 116015
02/24/20, 1885.00, 1917.00, 1880.00, 1881.00, 44595
02/21/20, 1896.00, 1929.00, 1889.00, 1889.00, 51895
02/20/20, 1919.00, 1925.00, 1895.00, 1895.00, 32910
02/19/20, 1935.00, 1949.00, 1918.00, 1919.00, 30440
02/18/20, 1964.00, 1964.00, 1936.00, 1937.00, 33050
02/17/20, 1948.00, 1968.00, 1936.00, 1936.00, 9560
02/14/20, 2006.00, 2006.00, 1944.00, 1944.00, 32555
02/13/20, 2008.00, 2008.00, 1990.00, 1996.00, 15630
02/12/20, 1999.00, 2000.00, 1965.00, 2000.00, 42775
02/11/20, 1993.00, 2006.00, 1986.00, 2006.00, 21230
02/10/20, 1980.00, 1999.00, 1970.00, 1986.00, 24800
02/07/20, 1990.00, 2008.00, 1970.00, 1980.00, 30785
02/06/20, 1963.00, 1998.00, 1962.00, 1990.00, 21935
02/05/20, 1960.00, 1974.00, 1955.00, 1962.00, 16320
02/04/20, 1920.00, 1980.00, 1893.00, 1930.00, 53740
02/03/20, 1890.00, 1900.00, 1862.00, 1900.00, 20205
01/31/20, 1961.00, 1995.00, 1890.00, 1890.00, 53990
01/30/20, 1971.00, 1996.00, 1960.00, 1960.00, 14095
01/29/20, 1962.00, 1998.00, 1960.00, 1970.00, 14600
01/28/20, 2000.00, 2008.00, 1962.00, 1962.00, 17075
01/27/20, 2004.00, 2020.00, 1995.00, 2002.00, 3210
01/24/20, 2004.00, 2048.00, 1990.00, 2004.00, 17235
01/23/20, 1980.00, 2028.00, 1972.00, 2004.00, 30270
01/22/20, 2008.00, 2056.00, 1973.00, 1973.00, 94275
01/21/20, 2046.00, 2046.00, 2026.00, 2036.00, 33275
01/20/20, 2084.00, 2084.00, 2042.00, 2046.00, 61615
01/17/20, 2050.00, 2098.00, 2036.00, 2098.00, 29495
01/16/20, 2062.00, 2062.00, 2004.00, 2044.00, 54105
01/15/20, 1996.00, 2066.00, 1996.00, 2062.00, 93230
01/14/20, 1980.00, 2048.00, 1978.00, 2042.00, 85795
01/10/20, 2030.00, 2030.00, 1980.00, 1980.00, 119775
01/09/20, 2010.00, 2032.00, 2004.00, 2030.00, 37870
01/08/20, 2010.00, 2024.00, 2002.00, 2020.00, 30980
01/07/20, 2026.00, 2034.00, 2008.00, 2008.00, 40395
01/06/20, 2004.00, 2044.00, 1996.00, 2034.00, 9630
01/03/20, 2026.00, 2030.00, 2002.00, 2020.00, 30520
01/02/20, 2000.00, 2048.00, 1990.00, 2048.00, 18055
12/27/19, 1998.00, 2030.00, 1998.00, 2020.00, 35090
12/26/19, 2016.00, 2016.00, 1986.00, 1997.00, 12270
12/23/19, 2012.00, 2030.00, 1996.00, 2012.00, 31625
12/20/19, 2040.00, 2044.00, 2000.00, 2016.00, 172845
12/19/19, 2000.00, 2038.00, 1975.00, 2000.00, 29920
12/18/19, 1980.00, 2042.00, 1945.00, 2042.00, 80120
12/17/19, 1935.00, 1980.00, 1935.00, 1980.00, 30800
12/16/19, 1978.00, 1978.00, 1935.00, 1935.00, 21660
12/13/19, 1978.00, 1980.00, 1940.00, 1978.00, 38855
12/12/19, 1940.00, 1965.00, 1934.00, 1934.00, 60305
12/11/19, 1936.00, 1980.00, 1933.00, 1980.00, 27260
12/10/19, 1931.00, 1946.00, 1930.00, 1930.00, 12185
12/09/19, 1944.00, 1944.00, 1934.00, 1937.00, 7135
12/06/19, 1934.00, 1950.00, 1934.00, 1944.00, 9400
12/05/19, 1935.00, 1970.00, 1935.00, 1935.00, 23210
12/04/19, 1980.00, 1980.00, 1934.00, 1934.00, 29915
12/03/19, 1979.00, 1980.00, 1931.00, 1980.00, 38385
12/02/19, 1944.00, 1980.00, 1933.00, 1980.00, 60055
11/29/19, 1900.00, 1940.00, 1900.00, 1940.00, 39520
11/28/19, 1897.00, 1930.00, 1897.00, 1930.00, 23630
11/27/19, 1930.00, 1947.00, 1894.00, 1894.00, 37720
11/26/19, 1945.00, 1950.00, 1900.00, 1950.00, 100935
11/25/19, 1935.00, 1945.00, 1905.00, 1945.00, 28650
11/22/19, 1937.00, 1950.00, 1910.00, 1942.00, 44580
11/21/19, 1907.00, 1948.00, 1901.00, 1937.00, 97940
11/20/19, 1900.00, 1917.00, 1885.00, 1900.00, 33345
11/19/19, 1910.00, 1954.00, 1910.00, 1929.00, 51840
11/18/19, 1917.00, 1919.00, 1881.00, 1910.00, 20495
11/15/19, 1935.00, 1935.00, 1904.00, 1917.00, 32380
11/14/19, 1874.00, 1929.00, 1874.00, 1928.00, 34320
11/13/19, 1908.00, 1909.00, 1865.00, 1870.00, 52990
11/12/19, 1918.00, 1918.00, 1881.00, 1910.00, 20060
11/11/19, 1905.00, 1929.00, 1870.00, 1870.00, 25445
11/08/19, 1887.00, 1915.00, 1868.00, 1900.00, 38070
11/07/19, 1860.00, 1870.00, 1844.00, 1870.00, 16580
11/06/19, 1880.00, 1886.00, 1824.00, 1824.00, 30380
11/05/19, 1863.00, 1879.00, 1855.00, 1868.00, 66540
11/04/19, 1840.00, 1860.00, 1834.00, 1846.00, 50690
10/31/19, 1844.00, 1850.00, 1820.00, 1824.00, 28230
10/30/19, 1843.00, 1850.00, 1835.00, 1835.00, 38745
10/29/19, 1865.00, 1865.00, 1843.00, 1850.00, 80240
10/28/19, 1901.00, 1901.00, 1865.00, 1865.00, 33450
10/25/19, 1902.00, 1915.00, 1891.00, 1915.00, 35130
10/24/19, 1918.00, 1920.00, 1901.00, 1920.00, 39330
10/23/19, 1880.00, 1920.00, 1880.00, 1920.00, 48935
10/22/19, 1890.00, 1900.00, 1873.00, 1896.00, 23825
10/21/19, 1879.00, 1890.00, 1867.00, 1890.00, 14775
10/18/19, 1871.00, 1878.00, 1870.00, 1875.00, 85515
10/17/19, 1840.00, 1875.00, 1840.00, 1870.00, 40030
10/16/19, 1837.00, 1870.00, 1836.00, 1840.00, 77485
10/15/19, 1845.00, 1845.00, 1826.00, 1838.00, 44880
10/14/19, 1820.00, 1855.00, 1820.00, 1844.00, 23575
10/11/19, 1820.00, 1823.00, 1812.00, 1818.00, 17100
10/10/19, 1806.00, 1816.00, 1806.00, 1813.00, 28860
10/09/19, 1798.00, 1818.00, 1789.00, 1810.00, 36370
10/08/19, 1800.00, 1819.00, 1791.00, 1794.00, 29725
10/07/19, 1784.00, 1799.00, 1784.00, 1798.00, 14925
10/04/19, 1770.00, 1783.00, 1765.00, 1783.00, 31875
10/03/19, 1800.00, 1800.00, 1756.00, 1770.00, 19515
10/02/19, 1826.00, 1826.00, 1785.00, 1793.00, 59395
10/01/19, 1830.00, 1834.00, 1826.00, 1828.00, 22840
09/30/19, 1835.00, 1859.00, 1827.00, 1830.00, 31260
09/27/19, 1868.00, 1869.00, 1833.00, 1835.00, 63215
09/26/19, 1845.00, 1869.00, 1827.00, 1857.00, 63940
09/25/19, 1860.00, 1878.00, 1832.00, 1853.00, 38765
09/24/19, 1892.00, 1892.00, 1826.00, 1826.00, 57960
09/23/19, 1910.00, 1910.00, 1884.00, 1884.00, 15495
09/20/19, 1900.00, 1924.00, 1892.00, 1910.00, 62160
09/19/19, 1945.00, 1945.00, 1890.00, 1890.00, 92025
09/18/19, 1969.00, 1969.00, 1935.00, 1935.00, 18990
09/17/19, 1931.00, 1970.00, 1931.00, 1970.00, 35570
09/16/19, 1955.00, 1961.00, 1930.00, 1949.00, 24025
09/13/19, 1938.00, 1969.00, 1938.00, 1968.00, 25825
09/12/19, 1935.00, 1966.00, 1935.00, 1935.00, 14790
09/11/19, 1970.00, 1990.00, 1935.00, 1940.00, 50800
09/10/19, 1960.00, 1985.00, 1960.00, 1970.00, 30525
09/09/19, 1947.00, 1980.00, 1937.00, 1980.00, 29055
09/06/19, 1950.00, 1954.00, 1910.00, 1947.00, 33120
09/05/19, 1925.00, 1939.00, 1900.00, 1900.00, 71855
09/04/19, 1998.00, 1998.00, 1922.00, 1922.00, 46705
09/03/19, 2008.00, 2008.00, 1972.00, 1988.00, 13660
09/02/19, 1951.00, 2010.00, 1951.00, 2010.00, 22585
08/30/19, 1901.00, 2030.00, 1901.00, 2030.00, 97255
08/29/19, 1900.00, 1924.00, 1890.00, 1924.00, 36325
08/28/19, 1909.00, 1909.00, 1880.00, 1900.00, 34140
08/27/19, 1899.00, 1919.00, 1880.00, 1880.00, 114375
08/23/19, 1890.00, 1900.00, 1890.00, 1899.00, 47525
08/22/19, 1900.00, 1939.00, 1894.00, 1900.00, 97455
08/20/19, 1930.00, 1930.00, 1883.00, 1900.00, 59930
08/19/19, 1918.00, 1948.00, 1880.00, 1900.00, 59080
08/16/19, 1960.00, 1988.00, 1915.00, 1915.00, 48505
08/15/19, 1960.00, 1980.00, 1910.00, 1960.00, 46675
08/14/19, 1955.00, 2000.00, 1910.00, 1959.00, 44115
08/13/19, 1976.00, 1976.00, 1891.00, 1965.00, 87545
08/09/19, 1973.00, 2022.00, 1950.00, 1950.00, 27180
08/08/19, 1980.00, 2030.00, 1971.00, 1971.00, 92355
08/07/19, 1980.00, 1994.00, 1943.00, 1960.00, 38660
08/06/19, 1980.00, 1990.00, 1935.00, 1954.00, 54710
08/05/19, 2100.00, 2100.00, 1984.00, 1984.00, 63700
08/02/19, 2098.00, 2116.00, 2058.00, 2100.00, 26305
08/01/19, 2152.00, 2152.00, 2060.00, 2098.00, 49005
07/31/19, 2192.00, 2216.00, 2148.00, 2148.00, 90425
07/30/19, 2200.00, 2244.00, 2190.00, 2190.00, 36335
07/29/19, 2210.00, 2260.00, 2190.00, 2260.00, 26095
07/26/19, 2234.00, 2236.00, 2204.00, 2220.00, 37345
07/25/19, 2200.00, 2236.00, 2176.00, 2236.00, 68780
07/24/19, 2180.00, 2200.00, 2174.00, 2190.00, 32240
07/23/19, 2180.00, 2214.00, 2180.00, 2180.00, 17355
07/22/19, 2212.00, 2238.00, 2204.00, 2216.00, 18860
07/19/19, 2238.00, 2260.00, 2220.00, 2244.00, 94360
07/18/19, 2212.00, 2232.00, 2182.00, 2230.00, 50580
07/17/19, 2142.00, 2208.00, 2142.00, 2180.00, 19070
07/16/19, 2240.00, 2246.00, 2140.00, 2140.00, 54560
07/15/19, 2184.00, 2242.00, 2184.00, 2232.00, 76655
07/12/19, 2200.00, 2240.00, 2112.00, 2200.00, 38080
07/11/19, 2172.00, 2220.00, 2152.00, 2200.00, 83625
07/10/19, 2132.00, 2174.00, 2132.00, 2174.00, 64300
07/09/19, 2164.00, 2164.00, 2112.00, 2132.00, 62390
07/08/19, 2262.00, 2262.00, 2178.00, 2196.00, 34545
07/05/19, 2260.00, 2260.00, 2236.00, 2258.00, 32970
07/04/19, 2236.00, 2276.00, 2234.00, 2258.00, 56690
07/03/19, 2216.00, 2238.00, 2214.00, 2236.00, 56875
07/02/19, 2254.00, 2270.00, 2214.00, 2220.00, 41340
07/01/19, 2262.00, 2268.00, 2224.00, 2230.00, 44705
06/28/19, 2260.00, 2270.00, 2232.00, 2262.00, 135600
06/27/19, 2240.00, 2280.00, 2240.00, 2280.00, 64360
06/26/19, 2210.00, 2268.00, 2202.00, 2260.00, 56000
06/25/19, 2208.00, 2228.00, 2192.00, 2200.00, 39070
06/24/19, 2218.00, 2230.00, 2182.00, 2208.00, 37315
06/21/19, 2228.00, 2230.00, 2204.00, 2230.00, 48175
06/20/19, 2260.00, 2260.00, 2208.00, 2214.00, 39960
06/19/19, 2220.00, 2260.00, 2202.00, 2260.00, 61520
06/18/19, 2144.00, 2200.00, 2144.00, 2200.00, 33680
06/17/19, 2202.00, 2238.00, 2122.00, 2162.00, 33015
06/14/19, 2230.00, 2240.00, 2190.00, 2220.00, 53835
06/13/19, 2238.00, 2274.00, 2172.00, 2220.00, 91470
06/11/19, 2230.00, 2244.00, 2200.00, 2200.00, 47025
06/10/19, 2234.00, 2244.00, 2226.00, 2226.00, 11005
06/07/19, 2230.00, 2272.00, 2230.00, 2240.00, 30235
06/06/19, 2294.00, 2308.00, 2250.00, 2274.00, 50600
06/04/19, 2268.00, 2298.00, 2202.00, 2294.00, 98100
06/03/19, 2170.00, 2260.00, 2166.00, 2260.00, 72535
05/31/19, 2220.00, 2238.00, 2170.00, 2170.00, 82375
05/30/19, 2192.00, 2230.00, 2128.00, 2210.00, 81405
05/29/19, 2140.00, 2186.00, 2134.00, 2176.00, 61135
05/28/19, 2064.00, 2168.00, 2064.00, 2112.00, 199340
05/27/19, 2062.00, 2110.00, 2062.00, 2080.00, 31290
05/24/19, 2050.00, 2102.00, 2050.00, 2088.00, 73395
05/23/19, 2100.00, 2150.00, 2090.00, 2100.00, 94195
05/22/19, 2070.00, 2152.00, 2070.00, 2150.00, 88375
05/21/19, 2018.00, 2114.00, 2000.00, 2114.00, 134350
05/20/19, 1987.00, 2022.00, 1974.00, 2018.00, 39425
05/17/19, 1930.00, 2000.00, 1930.00, 1999.00, 76295
05/16/19, 1945.00, 1984.00, 1930.00, 1950.00, 39885
05/15/19, 1995.00, 2018.00, 1981.00, 1985.00, 61555
05/14/19, 2000.00, 2012.00, 1975.00, 1998.00, 105330
05/10/19, 2000.00, 2012.00, 1975.00, 1995.00, 90365
05/09/19, 1988.00, 2010.00, 1972.00, 1999.00, 101190
05/08/19, 1999.00, 2000.00, 1961.00, 1999.00, 130400
05/07/19, 1868.00, 1998.00, 1868.00, 1990.00, 174715
05/06/19, 1839.00, 1865.00, 1838.00, 1865.00, 60855
05/03/19, 1804.00, 1828.00, 1796.00, 1800.00, 70210
05/02/19, 1790.00, 1810.00, 1790.00, 1799.00, 41010
04/30/19, 1802.00, 1829.00, 1780.00, 1780.00, 35080
04/29/19, 1771.00, 1840.00, 1771.00, 1800.00, 40465
04/26/19, 1780.00, 1780.00, 1762.00, 1766.00, 36495
04/25/19, 1790.00, 1837.00, 1755.00, 1780.00, 53280
04/24/19, 1831.00, 1874.00, 1790.00, 1790.00, 71455
04/23/19, 1860.00, 1864.00, 1830.00, 1830.00, 51425
04/22/19, 1865.00, 1890.00, 1859.00, 1878.00, 9405
04/17/19, 1866.00, 1905.00, 1865.00, 1865.00, 15535
04/16/19, 1884.00, 1910.00, 1866.00, 1866.00, 22450
04/15/19, 1891.00, 1915.00, 1879.00, 1884.00, 21655
04/12/19, 1894.00, 1920.00, 1890.00, 1890.00, 19140
04/11/19, 1910.00, 1920.00, 1894.00, 1894.00, 19650
04/10/19, 1923.00, 1923.00, 1900.00, 1910.00, 39640
04/08/19, 1908.00, 1936.00, 1900.00, 1923.00, 23010
04/05/19, 1943.00, 1943.00, 1908.00, 1908.00, 15565
04/04/19, 1935.00, 1955.00, 1912.00, 1920.00, 32575
04/03/19, 1922.00, 1955.00, 1895.00, 1955.00, 27260
04/02/19, 1918.00, 1929.00, 1901.00, 1922.00, 15080
04/01/19, 1938.00, 1950.00, 1910.00, 1918.00, 14910
03/29/19, 1950.00, 1979.00, 1930.00, 1938.00, 34500
03/28/19, 1940.00, 1977.00, 1910.00, 1950.00, 13130
03/27/19, 1945.00, 1990.00, 1939.00, 1945.00, 12350
03/26/19, 1996.00, 1998.00, 1941.00, 1947.00, 25400
03/25/19, 1990.00, 1999.00, 1930.00, 1999.00, 22300
03/22/19, 1972.00, 1996.00, 1951.00, 1996.00, 23970
03/21/19, 1936.00, 1980.00, 1936.00, 1972.00, 18790
03/20/19, 1972.00, 1979.00, 1937.00, 1937.00, 14330
03/19/19, 1940.00, 1987.00, 1940.00, 1987.00, 32780
03/18/19, 1906.00, 1962.00, 1906.00, 1960.00, 30425
03/15/19, 1929.00, 1947.00, 1896.00, 1916.00, 179480
03/14/19, 1900.00, 1930.00, 1860.00, 1930.00, 26470
03/13/19, 1905.00, 1905.00, 1851.00, 1851.00, 44120
03/12/19, 1890.00, 1910.00, 1865.00, 1878.00, 35130
03/11/19, 1923.00, 1925.00, 1900.00, 1900.00, 27290
03/08/19, 1913.00, 1936.00, 1913.00, 1923.00, 11290
03/07/19, 1908.00, 1917.00, 1878.00, 1912.00, 23680
03/06/19, 1899.00, 1899.00, 1875.00, 1879.00, 26435
03/05/19, 1868.00, 1899.00, 1868.00, 1879.00, 23530
03/04/19, 1890.00, 1890.00, 1863.00, 1870.00, 53805
03/01/19, 1900.00, 1909.00, 1880.00, 1903.00, 32450
02/28/19, 1896.00, 1900.00, 1862.00, 1900.00, 58605
02/27/19, 1900.00, 1911.00, 1885.00, 1896.00, 37005
02/26/19, 1919.00, 1919.00, 1862.00, 1900.00, 40995
02/22/19, 1889.00, 1907.00, 1889.00, 1901.00, 19350
02/21/19, 1899.00, 1899.00, 1871.00, 1890.00, 61780
02/20/19, 1860.00, 1905.00, 1855.00, 1866.00, 68195
02/19/19, 1880.00, 1900.00, 1851.00, 1851.00, 57795
02/18/19, 1900.00, 1938.00, 1880.00, 1880.00, 80920
02/15/19, 1930.00, 1983.00, 1890.00, 1890.00, 33925
02/14/19, 1988.00, 1989.00, 1908.00, 1908.00, 20410
02/13/19, 1968.00, 1972.00, 1920.00, 1920.00, 41850
02/12/19, 1983.00, 2014.00, 1956.00, 1956.00, 38525
02/11/19, 2020.00, 2040.00, 1980.00, 1980.00, 36970
02/08/19, 2010.00, 2034.00, 2002.00, 2030.00, 25755
02/07/19, 2022.00, 2050.00, 2004.00, 2016.00, 37480
02/06/19, 2048.00, 2118.00, 2018.00, 2018.00, 20240
02/04/19, 2060.00, 2068.00, 2020.00, 2030.00, 54815
02/01/19, 2020.00, 2090.00, 2020.00, 2070.00, 32170
01/31/19, 2084.00, 2086.00, 2020.00, 2020.00, 92925
01/30/19, 2110.00, 2148.00, 2070.00, 2086.00, 42660
01/29/19, 2142.00, 2154.00, 2112.00, 2150.00, 31875
01/28/19, 2120.00, 2160.00, 2118.00, 2142.00, 51785
01/25/19, 2100.00, 2130.00, 2092.00, 2120.00, 43830
01/24/19, 2100.00, 2132.00, 2096.00, 2116.00, 70255
01/23/19, 2088.00, 2110.00, 2060.00, 2100.00, 55630
01/22/19, 2080.00, 2094.00, 2052.00, 2094.00, 21855
01/21/19, 2092.00, 2098.00, 2060.00, 2080.00, 14750
01/18/19, 2062.00, 2096.00, 2062.00, 2092.00, 28355
01/17/19, 2040.00, 2100.00, 2040.00, 2080.00, 59330
01/16/19, 2086.00, 2086.00, 2036.00, 2038.00, 13080
01/15/19, 2060.00, 2094.00, 2038.00, 2086.00, 40780
01/14/19, 2016.00, 2100.00, 1990.00, 2060.00, 88165
01/11/19, 2000.00, 2016.00, 1960.00, 2016.00, 28240
01/10/19, 1930.00, 2020.00, 1920.00, 2020.00, 59135
01/09/19, 1890.00, 1935.00, 1861.00, 1930.00, 53305
01/08/19, 1880.00, 1899.00, 1860.00, 1860.00, 30960
01/07/19, 1873.00, 1936.00, 1860.00, 1860.00, 26780
01/04/19, 1885.00, 1913.00, 1872.00, 1872.00, 13870
01/03/19, 1900.00, 1905.00, 1885.00, 1889.00, 28555
01/02/19, 1920.00, 1920.00, 1890.00, 1900.00, 6610