Date, Open, High, Low, Close
07/23/21,6600.88,6611.31,6461.75,6520.74
07/22/21,6496.97,6586.01,6496.97,6576.62
07/21/21,6611.67,6611.67,6451.12,6476.21
07/19/21,6665.54,6665.54,6510.43,6587.20
07/16/21,6743.78,6783.91,6653.53,6693.83
07/15/21,6829.05,6727.93,6727.93,6727.93
07/14/21,6811.59,6835.41,6785.84,6835.41
07/13/21,6907.48,6907.48,6795.13,6795.13
07/12/21,6838.18,6913.87,6838.18,6913.87
07/09/21,6900.34,6900.34,6745.85,6834.92
07/08/21,6945.99,6966.53,6917.38,6924.99
07/07/21,6994.13,6994.13,6924.21,6943.00
07/06/21,7064.24,7064.24,6992.43,6992.43
07/05/21,6993.68,7037.14,6992.70,7036.38
07/02/21,6976.27,7002.26,6963.44,7002.26
07/01/21,6949.98,7002.23,6946.21,6964.01
06/30/21,6941.16,6957.56,6901.91,6901.91
06/29/21,6939.25,6956.65,6921.07,6956.65
06/28/21,6949.53,6954.61,6901.89,6937.96
06/25/21,6894.27,6950.51,6894.27,6950.51
06/24/21,6917.90,6919.13,6886.00,6886.00
06/23/21,6871.83,6918.96,6871.83,6918.41
06/22/21,6834.19,6910.17,6834.19,6870.41
06/21/21,6840.22,6849.45,6783.19,6827.17
06/18/21,6878.99,6896.36,6800.70,6851.38
06/17/21,6968.56,6974.56,6878.47,6887.92
06/16/21,6957.95,7001.21,6957.95,6973.35
06/15/21,6908.81,6976.73,6893.45,6976.73
06/14/21,6898.20,6917.49,6871.71,6917.49
06/11/21,6890.03,6910.33,6872.59,6907.79
06/10/21,6923.95,6925.14,6872.72,6875.71
06/09/21,6811.46,6922.87,6805.00,6902.54
06/08/21,6781.04,6809.72,6767.34,6809.72
06/07/21,6801.36,6801.36,6758.09,6763.92
06/04/21,6789.03,6810.76,6761.91,6796.34
06/03/21,6835.24,6835.24,6760.19,6791.87
06/02/21,6631.72,6841.69,6631.72,6841.69
06/01/21,6619.02,6644.82,6576.64,6627.43
05/31/21,6656.88,6687.64,6588.04,6628.49
05/28/21,6622.18,6688.07,6597.50,6674.51
05/27/21,6374.31,6665.14,6365.76,6665.14
05/26/21,6223.67,6377.10,6213.44,6341.24
05/25/21,6173.25,6203.00,6164.90,6196.71
05/24/21,6195.87,6209.05,6156.20,6164.89
05/21/21,6201.88,6218.41,6172.18,6199.25
05/20/21,6253.02,6253.02,6197.64,6197.64
05/19/21,6262.52,6269.99,6204.45,6245.71
05/18/21,6230.54,6258.77,6210.00,6244.74
05/17/21,6226.83,6283.58,6188.74,6283.58
05/14/21,6262.31,6269.36,6080.94,6269.36
05/12/21,6310.33,6310.33,6221.93,6236.40
05/11/21,6298.92,6341.12,6281.61,6326.83
05/10/21,6279.79,6321.51,6279.79,6317.41
05/07/21,6278.70,6305.99,6257.50,6258.71
05/06/21,6310.37,6322.17,6233.33,6282.78
05/05/21,6352.55,6354.81,6299.69,6299.69
05/04/21,6391.83,6397.19,6356.14,6359.15
05/03/21,6392.97,6419.52,6369.28,6369.28
04/30/21,6475.61,6476.11,6370.87,6370.87
04/29/21,6453.26,6487.51,6420.94,6487.51
04/28/21,6381.74,6469.14,6375.29,6469.14
04/27/21,6387.15,6397.74,6356.47,6356.47
04/26/21,6417.77,6417.77,6348.56,6389.38
04/23/21,6423.30,6424.55,6371.43,6378.07
04/22/21,6451.23,6451.65,6374.33,6415.53
04/21/21,6492.52,6494.78,6439.39,6439.39
04/20/21,6464.65,6500.42,6459.44,6500.42
04/19/21,6503.77,6503.77,6459.76,6459.76
04/16/21,6533.56,6533.56,6490.68,6494.81
04/15/21,6505.13,6539.96,6464.49,6539.96
04/14/21,6474.25,6523.21,6453.26,6523.21
04/13/21,6520.03,6520.03,6431.71,6457.79
04/12/21,6562.11,6566.67,6504.59,6518.64
04/08/21,6648.71,6648.71,6542.27,6545.17
04/07/21,6591.05,6651.71,6578.12,6651.71
04/06/21,6521.26,6590.11,6518.49,6590.11
04/05/21,6447.40,6500.35,6446.04,6495.15
03/31/21,6554.43,6557.04,6443.09,6443.09
03/30/21,6586.93,6603.06,6504.18,6545.55
03/29/21,6469.26,6653.52,6432.07,6607.78
03/26/21,6567.89,6576.60,6526.29,6544.63
03/25/21,6498.51,6603.55,6498.51,6581.00
03/24/21,6427.72,6497.01,6393.14,6497.01
03/23/21,6381.82,6446.35,6381.82,6446.35
03/22/21,6381.59,6444.58,6325.64,6395.17
03/19/21,6628.74,6638.93,6436.10,6436.10
03/18/21,6581.47,6675.84,6577.64,6630.85
03/17/21,6574.31,6593.53,6548.54,6566.83
03/16/21,6529.10,6610.53,6519.18,6559.08
03/15/21,6694.09,6694.09,6489.79,6552.46
03/12/21,6734.40,6749.13,6693.91,6728.55
03/11/21,6782.57,6782.57,6705.67,6719.18
03/10/21,6752.90,6808.32,6727.10,6808.32
03/09/21,6738.83,6769.38,6668.33,6766.83
03/08/21,6879.77,6879.77,6745.75,6756.92
03/05/21,6864.58,6896.25,6829.21,6881.37
03/04/21,6911.17,6921.10,6839.34,6882.49
03/03/21,6918.74,6942.76,6871.18,6942.76
03/02/21,6862.64,6919.54,6848.81,6919.54
03/01/21,6828.70,6874.40,6798.81,6872.97
02/26/21,6718.06,6827.17,6681.14,6794.86
02/24/21,6808.42,6808.42,6735.84,6755.95
02/23/21,6808.13,6814.67,6736.42,6814.67
02/22/21,6901.93,6907.47,6810.34,6810.34
02/19/21,6858.72,6926.41,6841.48,6926.41
02/18/21,6954.37,6972.26,6849.64,6849.64
02/17/21,6991.36,6995.60,6916.71,6966.43
02/16/21,6969.93,7044.06,6969.93,7044.06
02/15/21,6996.58,7026.40,6959.21,6959.21
02/11/21,7059.48,7076.01,6991.01,6991.01
02/10/21,7076.38,7159.11,7073.78,7082.15
02/09/21,7014.79,7091.92,7014.79,7065.55
02/08/21,6997.28,7032.12,6965.93,7024.48
02/05/21,6899.15,7019.18,6843.83,7019.18
02/04/21,6858.04,6903.75,6809.41,6903.75
02/03/21,6895.43,6913.30,6819.42,6859.46
02/02/21,6838.26,6917.92,6837.31,6867.88
02/01/21,6634.59,6814.76,6634.59,6814.76
01/29/21,6826.65,6827.38,6612.62,6612.62
01/28/21,6808.72,6918.30,6770.75,6851.84
01/27/21,6947.52,6949.48,6824.88,6863.61
01/26/21,7039.17,7039.17,6961.06,6977.16
01/25/21,7026.77,7071.50,7012.76,7071.50
01/22/21,7116.76,7116.76,7007.20,7045.83
01/21/21,7161.07,7161.07,7112.33,7140.29
01/20/21,7164.06,7172.16,7082.75,7143.30
01/19/21,7158.73,7198.45,7137.56,7198.45
01/18/21,7230.05,7230.05,7157.63,7203.44
01/15/21,7282.26,7297.41,7238.46,7238.46
01/14/21,7183.95,7308.44,7180.88,7273.15
01/13/21,7259.46,7284.60,7233.99,7242.85
01/12/21,7326.54,7326.54,7253.81,7258.11
01/11/21,7292.99,7432.40,7285.08,7304.79
01/08/21,7141.35,7289.88,7134.75,7289.88
01/07/21,7054.39,7126.07,7028.06,7119.61
01/06/21,7126.91,7127.01,6928.90,7047.85
01/05/21,7186.72,7186.72,7104.00,7134.18
01/04/21,7149.64,7207.79,7137.91,7197.50
12/29/20,7123.12,7173.27,7120.82,7139.71
12/28/20,7142.95,7142.95,7058.66,7122.25
12/23/20,7169.05,7206.46,7075.18,7204.38
12/22/20,7206.33,7206.54,7081.14,7202.39
12/21/20,7244.85,7251.02,7157.88,7224.89
12/18/20,7266.96,7286.67,7222.01,7272.80
12/17/20,7271.65,7298.02,7236.82,7298.02
12/16/20,7242.47,7299.70,7202.49,7299.70
12/15/20,7281.91,7290.60,7214.14,7227.73
12/14/20,7244.38,7311.21,7214.94,7281.35
12/11/20,7183.88,7304.90,7181.22,7246.16
12/10/20,7114.69,7166.85,7114.69,7154.43
12/09/20,7197.07,7247.34,7102.66,7102.66
12/07/20,7173.70,7203.67,7142.30,7203.67
12/04/20,7184.57,7196.96,7097.35,7134.56
12/03/20,7077.63,7194.13,7022.86,7194.13
12/02/20,7019.25,7080.62,6988.27,7080.62
12/01/20,6740.30,7009.56,6740.30,7009.56
11/27/20,6885.07,6909.03,6791.46,6791.46
11/26/20,6987.32,6987.32,6843.11,6927.75
11/25/20,7125.44,7146.13,6994.79,7001.51
11/24/20,7211.13,7228.12,7016.11,7108.67
11/23/20,7163.98,7263.71,7158.68,7178.62
11/20/20,7024.23,7169.79,7021.18,7169.79
11/19/20,7008.96,7012.54,6974.65,6997.62
11/18/20,6971.90,7051.78,6970.49,7051.78
11/17/20,6950.52,6971.60,6921.12,6959.14
11/16/20,6991.39,6991.39,6857.89,6918.05
11/13/20,6933.89,6972.66,6917.02,6969.88
11/11/20,6968.93,7079.18,6944.11,7024.26
11/10/20,6792.58,7035.48,6792.58,7035.48
11/09/20,6665.08,6685.85,6619.59,6685.85
11/06/20,6686.13,6709.73,6571.00,6685.69
11/05/20,6477.16,6702.75,6477.16,6644.77
11/04/20,6374.47,6464.05,6334.09,6464.05
11/03/20,6282.89,6358.42,6250.87,6335.56
10/30/20,6233.60,6328.38,6202.90,6324.00
10/29/20,6326.31,6326.31,6248.48,6249.39
10/28/20,6413.60,6415.03,6377.79,6377.79
10/27/20,6467.45,6467.45,6381.19,6415.08
10/26/20,6496.19,6517.26,6453.20,6491.19
10/23/20,6370.92,6484.45,6370.92,6484.06
10/22/20,6309.87,6344.63,6241.31,6344.63
10/21/20,6146.04,6290.68,6146.04,6278.59
10/20/20,6022.61,6133.00,6018.33,6112.71
10/19/20,5913.78,6019.26,5913.78,6019.26
10/16/20,5921.34,5939.62,5898.47,5898.47
10/15/20,5930.43,5950.50,5919.55,5938.33
10/14/20,5923.92,5933.83,5913.01,5925.30
10/13/20,5938.61,5946.07,5920.77,5923.23
10/12/20,5935.40,5954.47,5910.73,5937.05
10/09/20,5943.71,5943.71,5908.52,5931.61
10/08/20,5888.45,5942.66,5825.48,5942.66
10/07/20,5904.91,5904.91,5845.68,5867.88
10/06/20,5938.41,5949.67,5850.85,5910.64
10/05/20,6005.58,6010.76,5938.95,5938.95
10/02/20,5942.15,5999.40,5924.86,5999.40
10/01/20,5881.90,5944.87,5857.38,5944.87
09/30/20,5863.50,5878.53,5849.50,5864.23
09/29/20,5878.28,5878.32,5841.60,5841.60
09/28/20,5870.52,5872.19,5846.23,5861.39
09/25/20,5842.81,5880.18,5829.66,5838.66
09/24/20,5888.20,5888.20,5845.80,5845.80
09/23/20,5900.88,5903.58,5876.78,5892.72
09/22/20,5893.19,5894.28,5837.03,5894.28
09/21/20,5913.60,5925.31,5879.76,5909.32
09/18/20,5945.25,5952.10,5886.37,5908.90
09/17/20,5946.05,5946.05,5886.33,5943.52
09/16/20,5996.99,5996.99,5943.92,5946.62
09/15/20,5989.44,6018.21,5947.85,6018.21
09/14/20,5954.23,5997.14,5934.47,5997.14
09/11/20,5906.94,5967.96,5888.36,5967.96
09/10/20,5955.55,5973.59,5902.39,5902.39
09/09/20,6000.16,6000.16,5932.84,5932.84
09/08/20,5917.54,6034.03,5908.47,6034.03
09/07/20,5787.70,5935.85,5772.01,5935.85
09/04/20,5750.16,5785.09,5695.78,5785.09
09/03/20,5751.14,5775.97,5723.46,5772.86
09/02/20,5820.70,5820.70,5703.59,5738.39
09/01/20,5922.06,5946.22,5799.24,5799.24
08/28/20,5917.71,5931.39,5872.26,5884.18
08/27/20,5930.04,5950.53,5919.74,5921.55
08/26/20,5935.83,5935.83,5895.70,5931.33
08/25/20,5934.26,5962.89,5893.14,5953.44
08/24/20,5997.55,5997.55,5925.80,5943.58
08/20/20,6058.35,6064.09,5962.64,6005.40
08/19/20,6167.13,6167.13,6042.12,6042.12
08/18/20,6098.08,6156.45,6058.98,6156.45
08/17/20,6081.11,6081.11,6012.14,6068.78
08/14/20,6069.67,6076.91,6014.78,6076.91
08/13/20,6015.26,6097.78,6010.60,6097.78
08/12/20,5980.49,5995.00,5966.97,5995.00
08/11/20,5934.91,5984.35,5913.59,5953.94
08/10/20,5853.12,5930.92,5832.60,5930.92
08/07/20,5906.87,5906.87,5834.86,5846.02
08/06/20,5860.36,5902.58,5819.37,5902.58
08/05/20,5812.22,5888.85,5803.58,5833.58
08/04/20,5691.74,5802.49,5691.74,5775.50
08/03/20,5816.23,5816.23,5695.53,5715.92
07/30/20,5968.13,5968.13,5928.45,5928.45
07/29/20,5923.10,5966.27,5870.83,5966.27
07/28/20,5849.83,5939.60,5799.11,5927.11
07/27/20,5985.24,5985.24,5858.28,5860.94
07/24/20,6002.20,6024.65,5968.72,6003.26
07/23/20,6076.90,6076.90,5915.83,6029.01
07/22/20,6138.38,6149.20,6064.26,6064.26
07/21/20,6114.09,6152.06,6095.74,6136.31
07/20/20,6112.58,6150.70,6070.19,6150.70
07/17/20,6116.20,6141.23,6032.30,6088.75
07/16/20,6034.76,6147.66,6034.76,6147.66
07/15/20,6166.32,6166.32,6010.88,6016.51
07/14/20,6158.40,6178.68,6135.29,6172.81
07/13/20,6187.78,6187.78,6151.11,6172.57
07/10/20,6157.47,6197.38,6098.53,6197.38
07/09/20,6282.43,6282.43,6192.58,6192.58
07/08/20,6265.43,6287.74,6227.74,6285.50
07/07/20,6349.12,6349.61,6267.40,6267.40
07/06/20,6378.29,6381.06,6299.98,6328.41
07/03/20,6383.37,6398.79,6322.92,6372.66
07/02/20,6211.51,6382.60,6183.03,6364.08
07/01/20,6223.54,6223.54,6139.44,6209.71
06/30/20,6134.49,6207.72,6131.22,6207.72
06/29/20,6125.57,6125.57,6040.43,6105.18
06/26/20,6137.61,6191.84,6092.01,6191.84
06/25/20,6156.79,6162.22,6109.22,6118.26
06/24/20,6304.33,6306.21,6188.83,6188.83
06/23/20,6324.52,6324.52,6258.37,6297.78
06/22/20,6316.20,6347.43,6249.47,6347.43
06/19/20,6293.18,6375.03,6260.18,6315.07
06/18/20,6258.88,6348.45,6205.25,6348.45
06/17/20,6348.88,6352.90,6278.02,6282.01
06/16/20,6226.96,6316.23,6197.29,6281.75
06/15/20,6340.32,6340.32,6163.82,6163.82
06/11/20,6398.19,6476.24,6263.20,6476.24
06/10/20,6551.32,6551.32,6349.20,6439.37
06/09/20,6527.36,6583.84,6438.97,6583.84
06/08/20,6487.76,6551.26,6430.72,6514.00
06/05/20,6452.64,6465.13,6299.83,6465.13
06/04/20,6231.56,6517.49,6231.56,6517.49
06/03/20,6064.67,6245.65,6062.05,6245.65
06/02/20,5933.43,6043.09,5930.05,6025.17
06/01/20,5791.32,5931.65,5750.00,5930.17
05/29/20,5600.72,5838.84,5600.72,5838.84
05/28/20,5533.22,5574.22,5492.09,5570.22
05/27/20,5499.97,5523.78,5423.78,5523.78
05/26/20,5526.99,5533.65,5396.13,5496.83
05/22/20,5600.96,5600.96,5535.65,5539.19
05/21/20,5582.27,5613.90,5557.08,5604.49
05/20/20,5568.40,5581.96,5518.52,5581.96
05/19/20,5543.59,5571.40,5537.02,5555.85
05/18/20,5557.99,5557.99,5466.88,5479.35
05/15/20,5659.12,5664.25,5541.95,5541.95
05/14/20,5612.97,5654.70,5556.81,5654.70
05/13/20,5656.19,5661.18,5607.77,5626.25
05/12/20,5667.42,5668.36,5633.82,5651.67
05/11/20,5641.53,5681.68,5627.19,5667.93
05/08/20,5674.47,5696.31,5621.94,5621.94
05/07/20,5661.95,5670.34,5599.82,5653.16
05/06/20,5689.78,5702.58,5594.81,5639.27
05/05/20,5610.00,5703.96,5603.40,5671.67
05/04/20,5601.39,5601.39,5502.05,5572.09
04/30/20,5695.13,5716.88,5654.96,5700.71
04/29/20,5589.27,5656.01,5556.23,5643.97
04/28/20,5470.83,5574.98,5466.47,5574.98
04/27/20,5493.21,5493.21,5390.97,5450.45
04/24/20,5622.76,5622.76,5464.98,5464.98
04/23/20,5631.84,5672.08,5599.55,5599.55
04/22/20,5517.67,5577.91,5461.94,5573.75
04/21/20,5704.30,5704.30,5571.08,5592.25
04/20/20,5813.93,5816.90,5704.20,5733.65
04/17/20,5704.40,5789.97,5694.94,5789.97
04/16/20,5828.76,5828.76,5525.60,5525.60
04/15/20,5824.76,5946.05,5807.68,5946.05
04/14/20,5657.76,5780.88,5640.85,5780.88
04/13/20,5551.96,5610.98,5521.49,5610.98
04/08/20,5593.71,5593.71,5498.54,5510.83
04/07/20,5694.68,5713.63,5597.98,5650.01
04/06/20,5380.51,5570.81,5345.94,5570.81
04/03/20,5370.85,5372.70,5315.40,5346.97
04/02/20,5280.13,5342.31,5247.57,5342.31
04/01/20,5321.79,5408.52,5290.85,5408.52
03/31/20,5227.37,5340.09,5226.27,5321.23
03/30/20,5234.99,5234.99,4984.79,5131.16
03/27/20,5493.58,5641.94,5266.62,5266.62
03/26/20,5128.27,5401.58,5076.26,5401.58
03/25/20,5006.76,5073.58,4964.00,5027.76
03/24/20,4817.06,4864.86,4771.78,4774.27
03/23/2020,,,,4744.29
03/20/20,4761.89,4936.20,4677.66,4778.76
03/19/20,4673.58,4751.72,4039.15,4623.42
03/16/20,5506.96,5533.17,5335.37,5335.37
03/13/20,5793.94,5878.40,5097.90,5793.94
03/12/20,6235.85,6235.85,5697.13,5736.27
03/11/20,6384.28,6495.71,6336.68,6353.26
03/10/20,6165.82,6387.53,6103.75,6318.38
03/09/20,6575.54,6575.54,6312.61,6312.61
03/06/20,6871.14,6871.14,6745.32,6770.38
03/05/20,6899.02,6941.20,6872.97,6884.77
03/04/20,6791.14,6867.26,6710.18,6867.26
03/03/20,6854.90,6886.11,6790.54,6790.54
03/02/20,6759.37,6866.13,6700.75,6749.28
02/28/20,6858.91,6858.91,6769.97,6787.91
02/27/20,6890.02,6979.57,6890.02,6967.84
02/26/20,7101.88,7101.88,6879.09,6909.84
02/24/20,7267.86,7270.47,7180.10,7187.44
02/21/20,7430.57,7431.03,7366.80,7369.78
02/20/20,7426.91,7472.99,7413.00,7413.00
02/19/20,7319.99,7396.94,7319.99,7396.94
02/18/20,7329.03,7346.00,7311.50,7322.89
02/17/20,7305.66,7348.04,7292.95,7326.85
02/14/20,7405.15,7405.15,7282.00,7282.00
02/13/20,7390.01,7403.12,7332.91,7403.12
02/12/20,7435.25,7440.31,7383.10,7383.10
02/11/20,7444.66,7444.66,7403.23,7439.40
02/10/20,7510.84,7510.84,7414.01,7430.86
02/07/20,7447.33,7507.20,7429.61,7507.20
02/06/20,7373.59,7506.51,7373.59,7506.51
02/05/20,7291.44,7352.85,7281.42,7352.85
02/04/20,7172.41,7276.40,7158.20,7226.90
02/03/20,7206.22,7219.61,7129.19,7137.03
01/31/20,7413.17,7446.26,7200.79,7200.79
01/30/20,7466.45,7484.65,7392.68,7392.68
01/29/20,7472.53,7472.53,7423.69,7462.31
01/28/20,7563.12,7563.12,7468.70,7468.70
01/27/20,7616.90,7624.37,7580.67,7587.63
01/24/20,7622.12,7635.62,7581.12,7623.41
01/23/20,7503.64,7616.35,7495.60,7616.35
01/22/20,7469.14,7478.10,7425.86,7468.73
01/21/20,7570.20,7586.59,7442.13,7466.65
01/20/20,7727.45,7727.45,7513.95,7552.60
01/17/20,7691.87,7722.58,7648.94,7722.58
01/16/20,7674.48,7679.28,7614.73,7653.18
01/15/20,7784.14,7784.14,7664.40,7664.40
01/14/20,7761.59,7793.25,7684.28,7793.25
01/10/20,7794.90,7794.90,7729.05,7776.77
01/09/20,7736.63,7797.64,7736.63,7797.64
01/08/20,7762.48,7767.62,7721.29,7736.24
01/07/20,7787.32,7840.70,7781.21,7840.70
01/06/20,7802.86,7802.86,7697.89,7797.87
01/03/20,7737.70,7890.94,7737.70,7839.79
01/02/20,7721.26,7742.53,7643.98,7742.53
12/27/19,7848.39,7891.99,7815.26,7815.26
12/26/19,7794.53,7842.28,7772.97,7842.28
12/23/19,7745.96,7872.60,7745.26,7872.60
12/20/19,7643.99,7773.12,7469.41,7773.12
12/19/19,7751.21,7751.21,7617.75,7653.94
12/18/19,7751.29,7751.29,7682.94,7733.67
12/17/19,7708.07,7730.45,7631.08,7730.45
12/16/19,7882.76,7892.29,7701.60,7701.60
12/13/19,7818.40,7884.17,7804.98,7877.63
12/12/19,7744.15,7787.74,7720.50,7741.07
12/11/19,7752.23,7801.10,7751.53,7786.41
12/10/19,7760.17,7777.45,7735.61,7736.18
12/09/19,7825.13,7838.49,7779.80,7779.80
12/06/19,7796.44,7811.19,7760.75,7801.72
12/05/19,7789.74,7817.97,7777.07,7790.91
12/04/19,7848.53,7848.53,7772.05,7815.93
12/03/19,7858.96,7888.46,7829.35,7855.18
12/02/19,7769.26,7877.19,7753.76,7877.19
11/29/19,7754.70,7773.83,7712.39,7738.96
11/28/19,7808.58,7826.82,7748.95,7768.66
11/27/19,7747.43,7842.52,7744.03,7836.89
11/26/19,7760.38,7817.20,7707.80,7707.80
11/25/19,7787.48,7803.87,7750.23,7771.62
11/22/19,7754.51,7824.59,7708.09,7824.59
11/21/19,7882.04,7882.04,7744.18,7818.89
11/20/19,7896.56,7898.06,7851.85,7898.06
11/19/19,7882.26,7912.14,7882.26,7912.14
11/18/19,7925.19,7925.19,7859.04,7880.94
11/15/19,7938.59,7946.42,7905.53,7932.96
11/14/19,7926.07,7933.71,7881.24,7933.71
11/13/19,7988.78,7988.78,7914.45,7947.47
11/12/19,8009.97,8012.34,7962.72,8012.34
11/11/19,8055.24,8059.58,8002.77,8009.38
11/08/19,8044.90,8065.76,7989.48,8065.76
11/07/2019,,,,8073.55
11/06/19,8216.92,8216.92,8025.88,8025.88
11/05/19,8055.88,8216.68,8055.56,8216.68
11/04/19,8002.47,8059.82,8002.47,8059.65
10/31/19,8020.43,8020.68,7967.54,7977.12
10/30/19,8020.77,8020.77,7965.77,8020.06
10/29/19,7947.56,7991.19,7928.73,7991.19
10/28/19,7935.01,7954.71,7912.87,7946.53
10/25/19,7985.52,7985.52,7917.16,7922.50
10/24/19,7927.60,7968.14,7914.58,7950.98
10/23/19,7929.09,7933.76,7890.65,7933.76
10/22/19,7884.99,7955.24,7884.02,7955.24
10/21/19,7874.80,7891.95,7849.79,7891.13
10/18/19,7934.09,7934.09,7885.23,7885.23
10/17/19,7913.55,7930.55,7894.58,7930.55
10/16/19,7838.83,7915.30,7814.47,7915.30
10/15/19,7887.46,7887.46,7816.08,7840.31
10/14/19,7854.04,7908.34,7853.92,7884.29
10/11/19,7766.72,7874.16,7749.55,7849.94
10/10/19,7711.22,7765.03,7706.78,7765.03
10/09/19,7742.46,7742.46,7676.47,7681.25
10/08/19,7706.77,7792.55,7691.05,7756.72
10/07/19,7697.42,7715.85,7655.46,7683.22
10/04/19,7570.43,7704.60,7570.43,7704.60
10/03/19,7587.69,7587.69,7514.05,7545.55
10/02/19,7721.56,7721.56,7610.68,7610.68
10/01/19,7785.24,7792.58,7710.55,7739.86
09/30/19,7825.20,7825.20,7775.51,7779.07
09/27/19,7908.39,7908.39,7808.19,7819.22
09/26/19,7893.67,7905.74,7865.10,7896.48
09/25/19,7890.00,7896.24,7790.29,7896.24
09/24/19,7865.38,7893.94,7850.27,7893.94
09/23/19,7872.12,7877.44,7823.13,7867.51
09/20/19,7902.33,7906.25,7864.11,7871.11
09/19/19,7911.88,7919.85,7885.18,7911.32
09/18/19,7932.69,7932.69,7892.95,7915.29
09/17/19,7969.67,7969.67,7910.25,7932.23
09/16/19,7981.61,7996.90,7911.69,7996.90
09/13/19,7950.16,7995.13,7941.53,7992.32
09/12/19,7947.25,7960.24,7937.99,7944.43
09/11/19,7931.38,7967.90,7921.59,7967.90
09/10/19,7933.22,7938.33,7893.74,7929.48
09/09/19,7952.88,7961.01,7927.89,7960.12
09/06/19,7915.62,7969.34,7915.62,7933.47
09/05/19,7861.83,7916.96,7854.16,7898.19
09/04/19,7838.77,7852.16,7794.58,7840.86
09/03/19,7914.92,7920.91,7804.71,7804.71
09/02/19,7954.15,7956.68,7918.53,7918.53
08/30/19,7918.44,7986.26,7903.01,7979.66
08/29/19,7851.26,7892.81,7800.97,7892.81
08/28/19,7762.58,7847.50,7734.42,7847.50
08/27/19,7832.42,7832.42,7723.94,7747.38
08/23/19,7806.05,7889.41,7747.39,7889.41
08/22/19,7842.09,7848.83,7755.42,7848.83
08/20/19,7917.59,7917.59,7845.15,7886.91
08/19/19,7813.92,7938.35,7765.15,7938.35
08/16/19,7802.56,7885.94,7777.07,7795.98
08/15/19,7719.02,7828.86,7624.20,7828.86
08/14/19,7775.84,7892.43,7751.19,7858.65
08/13/19,7849.43,7850.87,7622.27,7788.45
08/09/19,7918.54,7941.96,7854.39,7854.39
08/08/19,7931.91,7959.34,7910.46,7914.16
08/07/19,7792.31,7917.39,7792.31,7917.39
08/06/19,7832.69,7832.69,7720.02,7766.75
08/05/19,8102.00,8102.00,7890.02,7890.02
08/02/19,8083.32,8129.93,8006.55,8129.93
08/01/19,8035.75,8098.16,7975.53,8098.16
07/31/19,8142.16,8142.16,8023.45,8045.80
07/30/19,8176.60,8176.60,8120.72,8150.46
07/29/19,8190.02,8205.15,8116.06,8188.52
07/26/19,8210.52,8235.46,8177.04,8183.99
07/25/19,8169.92,8272.18,8115.44,8272.18
07/24/19,8217.64,8243.83,8161.49,8161.49
07/23/19,8247.93,8264.89,8226.23,8251.46
07/22/19,8163.00,8246.83,8163.00,8246.83
07/19/19,8280.23,8311.92,8264.56,8270.07
07/18/19,8241.59,8300.49,8241.59,8258.05
07/17/19,8286.86,8311.68,8232.10,8233.48
07/16/19,8354.84,8419.59,8263.57,8263.57
07/15/19,8153.88,8365.29,8153.88,8365.29
07/12/19,8159.63,8197.52,8141.82,8141.82
07/11/19,8098.37,8154.49,8083.22,8154.49
07/10/19,8051.45,8078.21,8020.87,8078.21
07/09/19,8045.12,8053.62,8010.69,8042.04
07/08/19,8108.25,8108.54,8051.52,8051.52
07/05/19,8072.21,8125.16,8072.21,8117.94
07/04/19,8096.28,8112.84,8064.92,8064.92
07/03/19,8100.35,8122.39,8092.26,8092.68
07/02/19,8038.22,8093.60,8022.52,8093.60
07/01/19,8011.47,8043.71,7993.66,8043.71
06/28/19,8032.30,8042.22,7951.34,7999.71
06/27/19,8003.37,8057.64,8003.22,8057.64
06/26/19,8025.04,8051.59,7983.14,8013.57
06/25/19,8074.15,8100.08,8034.09,8034.09
06/24/19,8067.58,8103.91,8060.58,8060.58
06/21/19,8032.86,8055.47,7999.02,8055.47
06/20/19,7984.80,8022.42,7952.86,8022.42
06/19/19,7941.49,8017.01,7937.96,8017.01
06/18/19,7898.44,7935.14,7875.50,7922.04
06/17/19,7908.99,7991.78,7908.99,7908.99
06/14/19,8058.21,8058.21,7944.82,7990.20
06/13/19,8032.22,8051.76,7953.28,8051.76
06/11/19,8045.98,8108.26,8030.98,8030.98
06/10/19,7981.59,8055.05,7967.24,8045.39
06/07/19,7955.80,7983.98,7921.80,7983.98
06/06/19,7980.39,7980.39,7937.73,7959.86
06/04/19,8075.78,8083.37,7945.37,7945.37
06/03/19,7963.33,8139.74,7951.87,8084.88
05/31/19,7872.77,7970.02,7872.77,7970.02
05/30/19,7810.56,7908.50,7809.11,7836.55
05/29/19,7778.48,7816.38,7778.48,7797.75
05/28/19,7728.39,7784.66,7702.90,7761.29
05/27/19,7718.80,7742.45,7693.94,7725.01
05/24/19,7770.63,7770.63,7664.52,7747.09
05/23/19,7807.50,7821.89,7764.11,7804.03
05/22/19,7731.03,7838.55,7725.43,7815.07
05/21/19,7662.48,7740.88,7639.59,7721.56
05/20/19,7586.95,7660.14,7533.95,7660.14
05/17/19,7482.47,7636.91,7482.47,7583.82
05/16/19,7559.95,7586.12,7475.16,7475.16
05/15/19,7671.16,7711.19,7576.71,7576.71
05/14/19,7718.31,7718.31,7577.72,7646.66
05/10/19,7755.94,7841.65,7719.43,7742.20
05/09/19,7857.75,7864.02,7755.62,7755.62
05/08/19,7902.64,7926.69,7754.95,7926.69
05/07/19,7871.51,7922.05,7861.34,7910.63
05/06/19,7972.86,7974.36,7851.16,7862.30
05/03/19,8004.27,8077.51,7967.98,7967.98
05/02/19,7952.52,8040.78,7946.79,8001.57
04/30/19,7891.57,7952.72,7888.87,7952.72
04/29/19,7861.22,7897.02,7846.33,7897.02
04/26/19,7892.90,7899.57,7839.52,7868.28
04/25/19,7848.45,7894.45,7831.62,7894.45
04/24/19,7799.06,7846.99,7799.06,7846.99
04/23/19,7827.03,7834.78,7769.72,7818.93
04/22/19,7840.23,7858.84,7818.04,7832.43
04/17/19,7832.71,7860.74,7823.86,7835.15
04/16/19,7800.06,7859.72,7799.13,7826.46
04/15/19,7887.78,7914.75,7787.98,7787.98
04/12/19,7970.96,7979.53,7880.82,7880.82
04/11/19,7990.71,7999.52,7955.80,7955.80
04/10/19,7976.44,8008.53,7953.14,8008.53
04/08/19,7879.47,7955.27,7879.47,7915.63
04/05/19,7866.41,7886.63,7866.41,7873.18
04/04/19,7892.62,7897.61,7835.74,7854.13
04/03/19,7880.48,7895.06,7860.51,7895.06
04/02/19,7854.35,7893.50,7854.35,7879.21
04/01/19,7923.16,7923.83,7809.61,7840.31
03/29/19,7891.09,7920.93,7887.47,7920.93
03/28/19,7897.72,7898.47,7856.09,7876.40
03/27/19,7915.91,7915.91,7840.64,7861.05
03/26/19,7875.30,7910.69,7869.43,7907.03
03/25/19,7994.34,7994.34,7808.32,7863.02
03/22/19,7956.67,8032.40,7951.06,8013.42
03/21/19,7875.78,7954.72,7869.31,7954.72
03/20/19,7848.16,7875.62,7823.60,7858.20
03/19/19,7863.70,7878.80,7843.41,7843.41
03/18/19,7794.58,7873.02,7760.51,7873.02
03/15/19,7748.07,7798.28,7701.74,7798.28
03/14/19,7741.78,7763.97,7718.77,7750.42
03/13/19,7725.62,7766.15,7724.79,7766.15
03/12/19,7728.22,7773.61,7728.22,7747.54
03/11/19,7815.28,7823.80,7708.72,7708.72
03/08/19,7868.50,7884.46,7797.11,7797.11
03/07/19,7806.50,7881.79,7795.21,7881.79
03/06/19,7674.56,7821.34,7674.56,7821.34
03/05/19,7700.38,7734.71,7667.14,7670.62
03/04/19,7631.90,7698.44,7595.92,7675.47
03/01/19,7711.70,7754.45,7587.99,7641.77
02/28/19,7919.99,7919.99,7705.49,7705.49
02/27/19,7962.10,7972.69,7877.63,7889.12
02/26/19,7996.15,7996.15,7945.03,7988.16
02/22/19,7940.29,7962.13,7894.56,7962.13
02/21/19,7946.66,7946.66,7892.58,7931.30
02/20/19,7849.08,7944.59,7848.47,7939.24
02/19/19,7923.36,7938.79,7830.63,7833.75
02/18/19,7924.60,7964.05,7910.58,7910.58
02/15/19,7965.17,7999.84,7908.89,7908.89
02/14/19,7960.19,7996.21,7920.62,7991.25
02/13/19,8040.34,8040.43,7889.46,7920.24
02/12/19,8076.60,8083.53,7984.42,8009.92
02/11/19,8088.34,8105.58,8061.54,8061.54
02/08/19,8091.70,8096.47,8035.84,8070.89
02/07/19,8093.17,8127.08,8087.73,8100.30
02/06/19,8091.45,8213.71,8058.45,8058.45
02/04/19,8131.55,8148.88,8068.74,8069.48
02/01/19,8038.65,8165.66,8038.65,8144.16
01/31/19,7999.41,8099.23,7999.41,8007.48
01/30/19,8038.77,8046.95,7912.16,7979.95
01/29/19,8086.93,8087.39,8014.94,8050.82
01/28/19,8071.12,8143.61,8042.20,8053.92
01/25/19,8075.66,8116.23,8038.94,8053.20
01/24/19,8000.65,8068.48,8000.65,8064.90
01/23/19,7941.05,7989.65,7901.64,7989.65
01/22/19,8023.84,8029.80,7979.14,8008.67
01/21/19,8055.48,8067.08,7964.06,8007.46
01/18/19,7932.11,8057.57,7919.50,8047.12
01/17/19,7866.42,7937.98,7865.13,7927.20
01/16/19,7983.46,7990.65,7848.70,7864.70
01/15/19,8009.08,8027.92,7976.43,8013.42
01/14/19,7886.40,8024.14,7818.95,8024.14
01/11/19,7965.44,7965.44,7855.69,7904.09
01/10/19,7931.87,7992.33,7898.63,7985.23
01/09/19,7775.21,7919.67,7765.91,7919.67
01/08/19,7820.26,7826.08,7702.12,7702.12
01/07/19,7800.88,7900.70,7787.66,7787.66
01/04/19,7657.18,7801.50,7657.18,7761.11
01/03/19,7507.48,7680.60,7490.28,7680.60
01/02/19,7496.57,7540.26,7465.76,7489.20